well_id,x_mid,y_mid,h_well,h_pred,h_error
SY9,18546815.005850613,3350125.1925135907,92.14000000000033,92.19834578006976,0.058345780069430475
SY13,18551673.893873785,3349765.231724779,94.5,93.52678295996884,0.9732170400311588
SY201,18539861.18999508,3348395.662672871,91.5,91.25814621780137,0.24185378219863196
SY101,18541926.13423265,3354791.6508118603,82.0,83.7390987001836,1.7390987001836038
SY102,18538717.673798487,3351316.9476877195,88.98199999999997,88.46076655972502,0.5212334402749548
SY116,18543057.680899363,3356350.761991394,86.24399999999969,85.16720849779085,1.0767915022088346
SYX211,18554433.45261608,3347142.3627561154,82.84599999999955,85.0644178452485,2.2184178452489505
