surface,variogram,MAE,RMSE,MAX,n_valid
MK顶面,spherical,31.016123129985708,35.039943847522956,56.8543809370567,7
MK顶面,exponential,34.5607216396316,40.79237715143863,66.32697140621258,7
MK顶面,gaussian,26.935746537313598,28.479012203900343,43.66721680692717,7
MK底面,spherical,29.5997615334601,33.13754577652892,47.4609357856898,7
MK底面,exponential,32.606586386523695,38.17605054491644,57.993841432310546,7
MK底面,gaussian,26.49464554382043,27.935281005454595,35.27175088700824,7
