序号,well_id,x,y,kb_elev,total_depth,x_norm,y_norm
1,SY9,18546754.29,3350185.96,322.74,5600,0.49640974362765977,0.347647580769239
2,SY13,18551674.75,3349782.08,293.02,5515,0.7953219749204345,0.305086317546574
3,SY201,18539850.4,3348412.2,308.92,4667,0.07700644302168427,0.16072704433800777
4,SY101,18541816.22,3354837.56,309.73,4700,0.1964277252839006,0.837837666949806
5,SY102,18538582.78,3351325.83,327.11,5493,0.0,0.4677681787429871
6,SY116,18542995.09,3356376.38,312.15,5089,0.268042708863558,1.0
7,SYX211,18555044.0,3346887.0,288.08,5150,1.0,0.0
