{
  "k_frac_mD": 8.107004165649414,
  "k_frac_SI": 8.000991057568237e-15,
  "k_eff_prior_mD": 0.5,
  "f_frac_prior": 16.0,
  "r_e_m": 128.88518921893237,
  "r_w_m": 0.1,
  "skin": 0.0,
  "dp_wellbore_MPa": 13.300000190734863,
  "k_eff_mD": 8.107004165649414
}