{
  "k_frac_mD": 9.680261611938477,
  "k_frac_SI": 9.553675294718834e-15,
  "k_eff_prior_mD": 0.5,
  "f_frac_prior": 16.0,
  "r_e_m": 128.88518921893237,
  "r_w_m": 0.1,
  "skin": 0.0,
  "dp_wellbore_MPa": 13.300000190734863,
  "k_eff_mD": 9.680261611938477
}