{
  "MAE": 0.08167348802089691,
  "RMSE": 0.13090218603610992,
  "Pearson_r": 0.02181180535765991,
  "n_points": 173
}